batch_size,total_time,samples_per_second,avg_latency_ms
1,1.8421049118041992,54.28572463989455,18.421049118041992
8,1.8894219398498535,52.92624050292688,18.894219398498535
16,1.8622982501983643,53.697091746366844,18.622982501983643
32,1.731497049331665,57.7534914302041,17.31497049331665
64,1.5882902145385742,62.960785808940926,15.882902145385742
